test_id,thinking_aloud,Q1,Q2,Q3,Q4,Q5,Q6,Q7,Q8,comparative_choice,comparative_explanation
6f427404-e2fa-4878-bf92-69dd854b6d5a,"1:På danske

Observere home screen

Identificere days

Tænker M betyder morning
Kan se glukose level tydeligt
Kan skifte dage, ser tydeligt at der forskellige observationer
Kan se at noget er rødt, tror det er en ""advarsel"" men er ikke helt sikker
Kigger gennem flere dage, ser igen rød. 
20 september registreres som en dag med store udsving
Kender ikke så meget til diabetes, men tror det er det er dårligt med store udsving. 
Tænker at rød betyder dårligt

I week er mornig, afternoon etc. skrevet ud, så det er nemmere at forstå. 
Mener ikke man kan se dagelige udsving på weeks

Går ind på month for at se om det giver mening på dage
Kan se hvide dage, er i tvivl hvide dage er uden data eller noget andet.


Man tror man kan gå frem fra september uden at man kan

Kigger på menu",3,3,3,3,3,3,3,3,Neither is particularly valuable,"KUN FØRSTE THINK ALOUD SPØRGSMÅL KAN BRUGES, FEJL TRYK PÅ SAVE I DENNE TEST.
DE TO NÆSTE SPØRGSMÅL OG LIKERT LIGGER I DEN NÆSTE TEST"
462572ef-af1b-44fa-bc8a-1901e3d494e7,"1:På danske

Observere home screen

Identificere days

Tænker M betyder morning
Kan se glukose level tydeligt
Kan skifte dage, ser tydeligt at der forskellige observationer
Kan se at noget er rødt, tror det er en ""advarsel"" men er ikke helt sikker
Kigger gennem flere dage, ser igen rød. 
20 september registreres som en dag med store udsving
Kender ikke så meget til diabetes, men tror det er det er dårligt med store udsving. 
Tænker at rød betyder dårligt

I week er mornig, afternoon etc. skrevet ud, så det er nemmere at forstå. 
Mener ikke man kan se dagelige udsving på weeks

Går ind på month for at se om det giver mening på dage
Kan se hvide dage, er i tvivl hvide dage er uden data eller noget andet.


Man tror man kan gå frem fra september uden at man kan

Kigger på menu og registrere hvad der ligger her

2. Går ind i uge for at se forskelle
kan fredag d. 20 er høj, tror det næste er næste dag, men kan se det er samme dag ... utydeligt om det er næste dag
kan registrere level drop på hoover function. Er ikke sikker på han læser det rigtigt

Kan se tendes til højere level om morgenen er højere, end aften. Kan ikke se om det er normalt eller ej. 

3. 
august 24, ser ud som om der mangler data
Finder en blå og tænker det er lavt
rød må være høj.
Der er meget rødt, og tænker det er høje værdier.
Finder daily max og daily min knapper
daily min hjælper med at registrere lave værdier, men er i tvivl om ""normal"" er det værdi som man skal have
Det hjælper at trykke på datoer for at finde detaljer. Finder det fint at man kan se detaljer",4,4,3,3,3,4,3,2,Both are equally valuable,"I am interested in both short term insights and long term insights, as I find both important for my health."
